date,uah_per_usd
2000-01-01,5.38105806451613
2000-02-01,5.543113793103449
2000-03-01,5.467974193548388
2000-04-01,5.42275
2000-05-01,5.404077419354839
2000-06-01,5.43604
2000-07-01,5.438564516129032
2000-08-01,5.438458064516129
2000-09-01,5.43901
2000-10-01,5.438716129032258
2000-11-01,5.437093333333333
2000-12-01,5.435835483870967
2001-01-01,5.4330870967741935
2001-02-01,5.429553571428571
2001-03-01,5.421367741935484
2001-04-01,5.41818
2001-05-01,5.413693548387097
2001-06-01,5.40124
2001-07-01,5.371148387096774
2001-08-01,5.3466645161290325
2001-09-01,5.338973333333333
2001-10-01,5.310287096774194
2001-11-01,5.287276666666667
2001-12-01,5.294277419354839
2002-01-01,5.312587096774194
2002-02-01,5.320996428571428
2002-03-01,5.3223419354838715
2002-04-01,5.327413333333333
2002-05-01,5.327867741935484
2002-06-01,5.329276666666667
2002-07-01,5.328812903225807
2002-08-01,5.329106451612904
2002-09-01,5.329453333333333
2002-10-01,5.329612903225807
2002-11-01,5.330426666666667
2002-12-01,5.331616129032258
2003-01-01,5.3327064516129035
2003-02-01,5.3338785714285715
2003-03-01,5.3345
2003-04-01,5.334059999999999
2003-05-01,5.33323870967742
2003-06-01,5.332973333333333
2003-07-01,5.33211935483871
2003-08-01,5.331703225806452
2003-09-01,5.331573333333334
2003-10-01,5.331703225806452
2003-11-01,5.33196
2003-12-01,5.331796774193548
2004-01-01,5.331229032258064
2004-02-01,5.3305655172413795
2004-03-01,5.329477419354839
2004-04-01,5.329
2004-05-01,5.327374193548388
2004-06-01,5.321969999999999
2004-07-01,5.318109677419355
2004-08-01,5.313635483870968
2004-09-01,5.309653333333333
2004-10-01,5.306925806451613
2004-11-01,5.306283333333334
2004-12-01,5.305970967741935
2005-01-01,5.3046483870967736
2005-02-01,5.3000107142857145
2005-03-01,5.2920225806451615
2005-04-01,5.19201
2005-05-01,5.05
2005-06-01,5.054833333333333
2005-07-01,5.053225806451613
2005-08-01,5.05
2005-09-01,5.05
2005-10-01,5.05
2005-11-01,5.05
2005-12-01,5.05
2006-01-01,5.05
2006-02-01,5.05
2006-03-01,5.05
2006-04-01,5.05
2006-05-01,5.05
2006-06-01,5.05
2006-07-01,5.05
2006-08-01,5.05
2006-09-01,5.05
2006-10-01,5.05
2006-11-01,5.05
2006-12-01,5.05
2007-01-01,5.05
2007-02-01,5.05
2007-03-01,5.05
2007-04-01,5.05
2007-05-01,5.05
2007-06-01,5.05
2007-07-01,5.05
2007-08-01,5.05
2007-09-01,5.05
2007-10-01,5.05
2007-11-01,5.05
2007-12-01,5.05
2008-01-01,5.05
2008-02-01,5.05
2008-03-01,5.05
2008-04-01,5.05
2008-05-01,4.985612903225807
2008-06-01,4.851926666666667
2008-07-01,4.843074193548387
2008-08-01,4.844574193548388
2008-09-01,4.852996666666667
2008-10-01,5.0429774193548385
2008-11-01,6.004136666666667
2008-12-01,7.581358064516129
2009-01-01,7.7
2009-02-01,7.7
2009-03-01,7.7
2009-04-01,7.7
2009-05-01,7.65298064516129
2009-06-01,7.615773333333333
2009-07-01,7.648132258064516
2009-08-01,7.8066129032258065
2009-09-01,7.999016666666667
2009-10-01,8.000167741935483
2009-11-01,7.994373333333333
2009-12-01,7.9778
2010-01-01,7.996958064516129
2010-02-01,8.000260714285714
2010-03-01,7.967112903225806
2010-04-01,7.925726666666666
2010-05-01,7.925722580645162
2010-06-01,7.915733333333334
2010-07-01,7.901554838709678
2010-08-01,7.890296774193549
2010-09-01,7.9103433333333335
2010-10-01,7.910493548387097
2010-11-01,7.927793333333333
2010-12-01,7.9557032258064515
2011-01-01,7.949696774193548
2011-02-01,7.940792857142857
2011-03-01,7.943964516129032
2011-04-01,7.96495
2011-05-01,7.974596774193548
2011-06-01,7.973249999999999
2011-07-01,7.971203225806452
2011-08-01,7.971122580645161
2011-09-01,7.97283
2011-10-01,7.974674193548387
2011-11-01,7.9839199999999995
2011-12-01,7.989751612903226
2012-01-01,7.989793548387096
2012-02-01,7.988448275862068
2012-03-01,7.9862419354838705
2012-04-01,7.98672
2012-05-01,7.990777419354838
2012-06-01,7.992499999999999
2012-07-01,7.992870967741935
2012-08-01,7.993
2012-09-01,7.993
2012-10-01,7.993
2012-11-01,7.993
2012-12-01,7.993
2013-01-01,7.993
2013-02-01,7.993
2013-03-01,7.993
2013-04-01,7.993
2013-05-01,7.993
2013-06-01,7.993
2013-07-01,7.993
2013-08-01,7.993
2013-09-01,7.993
2013-10-01,7.993
2013-11-01,7.993
2013-12-01,7.993
2014-01-01,7.993
2014-02-01,8.654882142857144
2014-03-01,9.920029032258064
2014-04-01,11.637127166666666
2014-05-01,11.643625741935484
2014-06-01,11.8095251
2014-07-01,11.758699838709678
2014-08-01,12.974419322580646
2014-09-01,13.0123784
2014-10-01,12.949849741935484
2014-11-01,14.7313455
2014-12-01,15.62919841935484
2015-01-01,15.818962580645161
2015-02-01,24.687130357142856
2015-03-01,23.186529741935484
2015-04-01,22.7094725
2015-05-01,20.915255677419356
2015-06-01,21.232832466666665
2015-07-01,21.75737322580645
2015-08-01,21.626867290322583
2015-09-01,21.7834192
2015-10-01,21.841307419354838
2015-11-01,23.312625099999998
2015-12-01,23.408386193548388
2016-01-01,24.259692548387097
2016-02-01,26.393052206896552
2016-03-01,26.35616216129032
2016-04-01,25.629497566666664
2016-05-01,25.2077564516129
2016-06-01,24.951341333333335
2016-07-01,24.816781
2016-08-01,25.06480919354839
2016-09-01,26.2754622
2016-10-01,25.757272387096776
2016-11-01,25.700937800000002
2016-12-01,26.20452493548387
2017-01-01,27.15061190322581
2017-02-01,27.02777107142857
2017-03-01,27.00156241935484
2017-04-01,26.856827099999997
2017-05-01,26.423693
2017-06-01,26.108858166666668
2017-07-01,25.96931522580645
2017-08-01,25.635271419354837
2017-09-01,26.108607100000004
2017-10-01,26.654977096774196
2017-11-01,26.70527463333333
2017-12-01,27.516507935483872
2018-01-01,28.434328612903226
2018-02-01,27.171049392857146
2018-03-01,26.341204741935485
2018-04-01,26.151748566666665
2018-05-01,26.18122458064516
2018-06-01,26.202170466666665
2018-07-01,26.40068641935484
2018-08-01,27.482209032258066
2018-09-01,28.191267433333334
2018-10-01,28.127382419354838
2018-11-01,27.933498133333334
2018-12-01,27.78913870967742
2019-01-01,27.879175
2019-02-01,27.160679178571428
2019-03-01,26.86353458064516
2019-04-01,26.8114953
2019-05-01,26.37884770967742
2019-06-01,26.500110633333335
2019-07-01,25.751355387096773
2019-08-01,25.246989612903228
2019-09-01,24.769724166666666
2019-10-01,24.808206516129033
2019-11-01,24.367518633333336
2019-12-01,23.609435129032256
2020-01-01,24.119351612903223
2020-02-01,24.596524137931034
2020-03-01,26.412293548387098
2020-04-01,27.224653333333332
2020-05-01,26.814329032258065
2020-06-01,26.70734333333333
2020-07-01,27.31283870967742
2020-08-01,27.52141935483871
2020-09-01,27.97671666666667
2020-10-01,28.324951612903224
2020-11-01,28.310153333333336
2020-12-01,28.16971935483871
2021-01-01,28.219770967741937
2021-02-01,27.88466071428571
2021-03-01,27.79555806451613
2021-04-01,27.930006666666667
2021-05-01,27.602848387096774
2021-06-01,27.239873333333332
2021-07-01,27.214548387096777
2021-08-01,26.784854838709677
2021-09-01,26.727786666666667
2021-10-01,26.37467741935484
2021-11-01,26.446223333333332
2021-12-01,27.213464516129033
2022-01-01,27.981270967741935
2022-02-01,28.413664285714283
2022-03-01,29.2549
2022-04-01,29.2549
2022-05-01,29.2549
2022-06-01,29.2549
2022-07-01,31.850083870967744
2022-08-01,36.5686
2022-09-01,36.568599999999996
2022-10-01,36.5686
2022-11-01,36.568599999999996
2022-12-01,36.5686
2023-01-01,36.5686
2023-02-01,36.5686
2023-03-01,36.5686
2023-04-01,36.568599999999996
2023-05-01,36.5686
2023-06-01,36.568599999999996
2023-07-01,36.5686
2023-08-01,36.5686
2023-09-01,36.568599999999996
2023-10-01,36.51895161290323
2023-11-01,36.15542000000001
2023-12-01,37.093925806451615
2024-01-01,37.86847419354839
2024-02-01,37.97289310344827
2024-03-01,38.66386774193548
2024-04-01,39.360549999999996
2024-05-01,39.71005161290323
2024-06-01,40.477513333333334
2024-07-01,40.99017741935484
2024-08-01,41.18937419354839
2024-09-01,41.24735999999999
2024-10-01,41.24245806451613
2024-11-01,41.35026333333334
2024-12-01,41.75200967741936
2025-01-01,42.10896451612903
2025-02-01,41.67110714285714
2025-03-01,41.48065161290323
2025-04-01,41.41348333333334
2025-05-01,41.52995483870968
2025-06-01,41.57927666666667
2025-07-01,41.7941064516129
2025-08-01,41.441896774193545
2025-09-01,41.31833666666667
2025-10-01,41.627122580645164
2025-11-01,42.10400666666667
2025-12-01,42.19992903225806
