date,cpi_mom_index,cpi_level,pi_ukr_yoy,ea_factor,ea_mean,uah_per_usd,dep_yoy,dep_mom,theta,brent,brent_yoy,has_brent,brent_yoy_filled
2001-01-01,101.5,127.70323417446366,22.08722196411439,2.81783738409066,2.909090909090909,5.4330870967741935,0.966892228893701,-0.05056052753856788,0.2,,,0,0.0
2001-02-01,100.6,128.46945357951043,18.896171632041714,2.7849014677150614,2.881818181818182,5.429553571428571,-2.0486720264730085,-0.06503715627382833,0.2,,,0,0.0
2001-03-01,100.6,129.24027030098748,17.26426339395486,2.8624053281706416,2.9545454545454537,5.421367741935484,-0.8523531743784507,-0.15076431948591873,0.2,,,0,0.0
2001-04-01,101.5,131.17887435550227,17.03365520635609,3.295857058791973,3.372727272727273,5.41818,-0.0842745839288006,-0.058799588724178786,0.2,,,0,0.0
2001-05-01,100.4,131.7035898529243,15.085004727895734,3.5663367250461926,3.6181818181818177,5.413693548387097,0.17794210345354333,-0.08280366493736979,0.2,,,0,0.0
2001-06-01,100.6,132.49381139204183,11.644662252905613,3.393080178928477,3.472727272727273,5.40124,-0.6401718898315756,-0.2300379265244401,0.2,,,0,0.0
2001-07-01,98.3,130.24141659837713,9.85655955416036,3.0904380506459797,3.1727272727272724,5.371148387096774,-1.239594176594283,-0.5571241585862752,0.2,,,0,0.0
2001-08-01,99.8,129.9809337651804,9.636846435052071,2.9021813888176684,2.9818181818181815,5.3466645161290325,-1.6878598179512427,-0.455840524282658,0.2,,,0,0.0
2001-09-01,100.4,130.5008575002411,7.285958889661037,2.7895511202090066,2.8909090909090907,5.338973333333333,-1.8392440290910805,-0.14385011014808047,0.2,,,0,0.0
2001-10-01,100.2,130.76185921524157,6.016302571440213,2.7493924157130234,2.8272727272727276,5.310287096774194,-2.3613850991873075,-0.5372987420641184,0.2,,,0,0.0
2001-11-01,100.5,131.41566851131776,6.121896498304169,2.5256435233524663,2.6181818181818186,5.287276666666667,-2.7554551206281697,-0.4333180050002272,0.2,,,0,0.0
2001-12-01,101.6,133.51831920749885,6.121896498304169,2.6606187318314216,2.772727272727273,5.294277419354839,-2.6041638849474857,0.1324075347202358,0.2,,,0,0.0
2002-01-01,101.0,134.85350239957384,5.599128535258346,3.1615227943263884,3.263636363636364,5.312587096774194,-2.2178919250446905,0.3458390252165211,0.2,,,0,0.0
2002-02-01,98.6,132.96555336597982,3.4997422820723045,2.9109686691414574,3.0,5.320996428571428,-1.9993751130552129,0.15829070929191946,0.2,,,0,0.0
2002-03-01,99.3,132.03479449241794,2.1622704633178946,2.9765229146139363,3.0727272727272723,5.322341935483872,-1.826583459476927,0.0252867471441931,0.2,,,0,0.0
2002-04-01,101.4,133.8832816153118,2.0616179801028256,2.8860453719238306,2.9818181818181815,5.327413333333333,-1.675224275802334,0.09528508147231829,0.2,,,0,0.0
2002-05-01,99.7,133.48163177046587,1.350032994185768,2.574428169960082,2.690909090909091,5.327867741935484,-1.58534659718933,0.008529629178721798,0.2,,,0,0.0
2002-06-01,98.2,131.07896239859747,-1.0678604370870648,2.364253936522678,2.481818181818182,5.329276666666667,-1.3323483743239106,0.0264444389280305,0.2,,,0,0.0
2002-07-01,98.5,129.1127779626185,-0.8665742935206056,2.480551493878343,2.5727272727272728,5.328812903225807,-0.7882017181403911,-0.008702183614528458,0.2,,,0,0.0
2002-08-01,99.8,128.85455240669327,-0.8665742935206278,2.632156491294612,2.727272727272727,5.329106451612904,-0.32839285994402667,0.005508701326695231,0.2,,,0,0.0
2002-09-01,100.2,129.1122615115067,-1.0640512371589916,2.544436349600016,2.6454545454545455,5.329453333333333,-0.17831143565677499,0.006509191054426822,0.2,,,0,0.0
2002-10-01,100.7,130.01604734208726,-0.5703588780629487,2.674376676710408,2.7636363636363637,5.329612903225807,0.36393148052866753,0.002994113701593193,0.2,,,0,0.0
2002-11-01,100.7,130.92615967348186,-0.37248894548197464,2.682686584623278,2.7636363636363637,5.330426666666667,0.8161101209633426,0.015268715676652889,0.2,,,0,0.0
2002-12-01,101.4,132.75912590891062,-0.5686060932270864,2.678764043958527,2.7454545454545456,5.331616129032258,0.7052654539959624,0.022314580801374717,0.2,,,0,0.0
2003-01-01,101.5,134.75051279754427,-0.07637146992623967,2.54043455454549,2.6181818181818177,5.332706451612904,0.37871105870297406,0.02045013283513697,0.2,,,0,0.0
2003-02-01,101.1,136.23276843831724,2.457189091181089,2.8596700276798046,2.9272727272727277,5.333878571428572,0.24210019739860922,0.02197983006009263,0.2,,,0,0.0
2003-03-01,101.1,137.73132889113873,4.314419104918521,2.747423454590808,2.809090909090909,5.3345,0.22843448736487026,0.011650594649026402,0.2,,,0,0.0
2003-04-01,100.7,138.6954481933767,3.5942998408806215,2.397261001684595,2.4636363636363634,5.334059999999999,0.12476348747108013,-0.008248195707205586,0.2,,,0,0.0
2003-05-01,100.0,138.6954481933767,3.9060178945643065,2.1136348992944645,2.190909090909091,5.33323870967742,0.10080895401476386,-0.015397095694080765,0.2,,,0,0.0
2003-06-01,100.1,138.83414364157008,5.916419462789091,2.2042959617531324,2.272727272727273,5.332973333333333,0.06936526095160378,-0.004975894733616482,0.2,,,0,0.0
2003-07-01,99.9,138.69530949792852,7.4218305008388885,2.147242600669422,2.2181818181818183,5.33211935483871,0.06204855889950789,-0.01601317766367627,0.2,,,0,0.0
2003-08-01,98.3,136.33748923646374,5.8072739301850085,2.2339910843010724,2.3,5.331703225806452,0.04872813514096297,-0.0078041957534358275,0.2,,,0,0.0
2003-09-01,100.6,137.15551417188252,6.229658257251569,2.288710291976607,2.3363636363636364,5.331573333333334,0.03977893917825881,-0.002436228492408432,0.2,,,0,0.0
2003-10-01,101.3,138.93853585611697,6.862605575566838,2.1086702577354766,2.145454545454545,5.331703225806452,0.039220908133486,0.0024362878459527337,0.2,,,0,0.0
2003-11-01,101.9,141.57836803738323,8.13604278202844,2.2149005160543025,2.2454545454545456,5.33196,0.02876567729410695,0.004815988112483183,0.2,,,0,0.0
2003-12-01,101.5,143.70204355794397,8.24268582224741,2.051357236762435,2.0727272727272728,5.331796774193548,0.0033881876886576734,-0.0030612721485412386,0.2,,,0,0.0
2004-01-01,101.4,145.71387216775517,8.136042782028419,1.795491405767273,1.8181818181818181,5.331229032258064,-0.027704869342537464,-0.010648229096654749,0.2,,,0,0.0
2004-02-01,100.4,146.2967276564262,7.387326363161795,1.6605288835226348,1.6909090909090911,5.33056551724138,-0.062113416022224754,-0.01244581714027193,0.2,,,0,0.0
2004-03-01,100.4,146.88191456705192,6.643793935325859,1.5893908145371776,1.6272727272727274,5.329477419354839,-0.09415279117370723,-0.02041242871928528,0.2,,,0,0.0
2004-04-01,100.7,147.9100879690213,6.643793935325881,1.8705100209227616,1.8909090909090907,5.329,-0.09486207504226796,-0.008958089457422602,0.2,,,0,0.0
2004-05-01,100.7,148.94545858480447,7.39030049287317,2.2318240553712823,2.2363636363636363,5.327374193548388,-0.10996162835146261,-0.030508659253369874,0.2,,,0,0.0
2004-06-01,100.7,149.9880767948981,8.033998597725557,2.292492671475385,2.3000000000000003,5.321969999999999,-0.20632642703383164,-0.10144197407669919,0.2,,,0,0.0
2004-07-01,100.0,149.9880767948981,8.142140738463999,2.190946210908686,2.1999999999999997,5.318109677419355,-0.2627412570320953,-0.07253559453819225,0.2,,,0,0.0
2004-08-01,99.9,149.83808871810322,9.902338349669936,2.1657421198646283,2.163636363636363,5.313635483870968,-0.33887373640815177,-0.08413127633272177,0.2,,,0,0.0
2004-09-01,101.3,151.78598387143856,10.667066350114961,1.9614229764968072,1.981818181818182,5.309653333333333,-0.4111356747726891,-0.07494210978005178,0.2,,,0,0.0
2004-10-01,102.2,155.12527551661023,11.65028806497288,2.2778183273192334,2.3000000000000003,5.306925806451613,-0.46471865191055617,-0.05136920831718683,0.2,,,0,0.0
2004-11-01,101.6,157.60727992487597,11.321582604526403,2.182315083373669,2.2181818181818183,5.306283333333334,-0.4815615020867692,-0.01210631430907938,0.2,,,0,0.0
2004-12-01,102.4,161.389854643073,12.308670529098563,2.171400346211618,2.190909090909091,5.305970967741935,-0.4843734212941708,-0.005886711503644282,0.2,,,0,0.0
2005-01-01,101.7,164.13348217200527,12.640944702261603,1.9525281888296107,2.027272727272728,5.3046483870967736,-0.4985838162355649,-0.024926269917457944,0.2,,,0,0.0
2005-02-01,101.0,165.77481699372532,13.314097758251208,1.9962273437547293,2.0363636363636366,5.3000107142857145,-0.5732000264669579,-0.08742658273712678,0.2,,,0,0.0
2005-03-01,101.6,168.42721406562495,14.668449524286098,2.1718641696280665,2.1818181818181817,5.2920225806451615,-0.7027863289870373,-0.1507191979635336,0.2,,,0,0.0
2005-04-01,100.7,169.60620456408435,14.668449524286098,2.1315252175926043,2.1545454545454548,5.19201,-2.5706511540626753,-1.889874412307757,0.2,,,0,0.0
2005-05-01,100.6,170.62384179146886,14.554578174212306,1.9173737099593624,1.9545454545454546,5.05,-5.206583646485663,-2.73516422348955,0.2,,,0,0.0
2005-06-01,100.6,171.64758484221767,14.44081990393007,1.9563023330869478,1.9909090909090907,5.054833333333333,-5.019507187501371,0.09570957095708099,0.2,,,0,0.0
2005-07-01,100.3,172.1625275967443,14.78414236364185,2.168439559360698,2.2181818181818183,5.053225806451613,-4.9807899241423375,-0.031801778134188385,0.2,,,0,0.0
2005-08-01,100.0,172.1625275967443,14.899041405046876,2.2462916096352634,2.2818181818181817,5.05,-4.961489825021081,-0.06383657835941081,0.2,,,0,0.0
2005-09-01,100.4,172.85117770713128,13.878220701546962,2.5663860750051386,2.590909090909091,5.05,-4.890212543694005,0.0,0.2,,,0,0.0
2005-10-01,100.9,174.40683830649547,12.429671905930405,2.3361089155977672,2.372727272727273,5.05,-4.841330288418,0.0,0.2,,,0,0.0
2005-11-01,101.2,176.49972036617342,11.987035402363766,2.2021398590078793,2.2363636363636363,5.05,-4.82980868592896,0.0,0.2,,,0,0.0
2005-12-01,100.9,178.08821784946903,10.346600313461995,2.2120390379100603,2.2545454545454544,5.05,-4.824205961512618,0.0,0.2,,,0,0.0
2006-01-01,101.2,180.22527646366265,9.80408998743707,2.3328101882481276,2.3454545454545452,5.05,-4.800476271267861,0.0,0.2,,,0,0.0
2006-02-01,101.8,183.46933144000857,10.673825353674204,2.3748533477598186,2.4,5.05,-4.717173752344173,0.0,0.2,,,0,0.0
2006-03-01,99.7,182.91892344568853,8.604137674816092,2.2876395108372853,2.327272727272727,5.05,-4.573347467002986,0.0,0.2,,,0,0.0
2006-04-01,99.6,182.18724775190577,7.417796548278854,2.55478192191377,2.5818181818181816,5.05,-2.73516422348955,0.0,0.2,,,0,0.0
2006-05-01,100.5,183.0981839906653,7.311019414533049,2.638925997081159,2.6545454545454548,5.05,0.0,0.0,0.2,,,0,0.0
2006-06-01,100.1,183.28128217465593,6.777664447263976,2.5352763937264973,2.5545454545454542,5.05,-0.09561805532657397,0.0,0.2,,,0,0.0
2006-07-01,100.9,184.93081371422787,7.416414184735176,2.508526657888566,2.5454545454545454,5.05,-0.06383657835941081,0.0,0.2,,,0,0.0
2006-08-01,100.0,184.93081371422787,7.416414184735176,2.396266024340711,2.4363636363636365,5.05,0.0,0.0,0.2,,,0,0.0
2006-09-01,102.0,188.6294299885124,9.128229550228962,1.920129419222423,1.9727272727272727,5.05,0.0,0.0,0.2,,,0,0.0
2006-10-01,102.6,193.53379516821374,10.966861762670877,1.7472075045791395,1.8090909090909093,5.05,0.0,0.0,0.2,,,0,0.0
2006-11-01,101.8,197.0174034812416,11.624768057706468,1.9746549645925477,2.018181818181818,5.05,0.0,0.0,0.2,,,0,0.0
2006-12-01,100.9,198.7905601125728,11.624768057706447,2.0559474342439192,2.109090909090909,5.05,0.0,0.0,0.2,,,0,0.0
2007-01-01,100.5,199.78451291313564,10.852659978255907,1.944171212308817,1.9909090909090912,5.05,0.0,0.0,0.2,,,0,0.0
2007-02-01,100.6,200.98321999061443,9.545948858669394,1.9196988343815073,1.9727272727272727,5.05,0.0,0.0,0.2,,,0,0.0
2007-03-01,100.2,201.3851864305957,10.095326736596544,2.047780175081894,2.0999999999999996,5.05,0.0,0.0,0.2,,,0,0.0
2007-04-01,100.0,201.3851864305957,10.537476643169219,2.047481626876153,2.090909090909091,5.05,0.0,0.0,0.2,,,0,0.0
2007-05-01,100.6,202.59349754917926,10.64746418211766,1.9252149833448176,1.9727272727272724,5.05,0.0,0.0,0.2,,,0,0.0
2007-06-01,102.2,207.05055449526122,12.968739654469807,1.9509875784631387,1.9909090909090907,5.05,0.0,0.0,0.2,,,0,0.0
2007-07-01,101.4,209.9492622581949,13.528545103699074,1.8918807645560918,1.9272727272727272,5.05,0.0,0.0,0.2,,,0,0.0
2007-08-01,100.6,211.20895783174407,14.209716374321268,1.7148032739569743,1.7454545454545454,5.05,0.0,0.0,0.2,,,0,0.0
2007-09-01,102.2,215.85555490404244,14.43365699466308,2.0707176762404584,2.090909090909091,5.05,0.0,0.0,0.2,,,0,0.0
2007-10-01,102.9,222.11536599625973,14.768258330904803,2.5074531590246023,2.5090909090909093,5.05,0.0,0.0,0.2,,,0,0.0
2007-11-01,102.2,227.00190404817744,15.21921415931702,2.9847286851425308,2.9818181818181815,5.05,0.0,0.0,0.2,,,0,0.0
2007-12-01,102.1,231.76894403318914,16.589512048228585,3.00332181299486,2.9909090909090907,5.05,0.0,0.0,0.2,,,0,0.0
2008-01-01,102.9,238.4902434101517,19.373739201619156,3.278784413864316,3.2272727272727266,5.05,0.0,0.0,0.2,,,0,0.0
2008-02-01,102.7,244.9294799822258,21.86563634201084,3.353502055895985,3.3272727272727267,5.05,0.0,0.0,0.2,,,0,0.0
2008-03-01,103.8,254.2368002215504,26.244042438130965,3.6644430603041176,3.6181818181818177,5.05,0.0,0.0,0.2,,,0,0.0
2008-04-01,103.1,262.11814102841845,30.157607753713034,3.3464911921014515,3.309090909090909,5.05,0.0,0.0,0.2,,,0,0.0
2008-05-01,101.3,265.5256768617879,31.063276992555956,3.856911960063936,3.809090909090909,4.985612903225807,-1.274992015330556,-1.274992015330556,0.2,,,0,0.0
2008-06-01,100.8,267.6498822766822,29.26788963649354,4.158623522136804,4.1,4.851926666666667,-3.922244224422422,-2.6814403595722625,0.2,,,0,0.0
2008-07-01,99.5,266.31163286529875,26.845710244882692,4.161869651444036,4.109090909090909,4.843074193548387,-4.097540721814119,-0.18245273942614215,0.2,,,0,0.0
2008-08-01,99.9,266.0453212324335,25.96308601852666,4.019793824893622,3.972727272727273,4.844574193548388,-4.067837751517067,0.030972063199019573,0.2,,,0,0.0
2008-09-01,101.1,268.97181976599023,24.607318947877154,3.9266309161879978,3.8818181818181814,4.852996666666667,-3.9010561056105564,0.1738537337191648,0.85,,,0,0.0
2008-10-01,101.7,273.54434070201205,23.154172371225478,3.387528323893247,3.3454545454545452,5.042977419354839,-0.1390610028744632,3.9147101417372765,0.85,,,0,0.0
2008-11-01,101.5,277.64750581254225,22.31065064265545,2.363440301159932,2.354545454545455,6.004136666666667,18.89379537953795,19.0593605202934,0.85,,,0,0.0
2008-12-01,102.1,283.4781034346056,22.31065064265545,1.794824530296435,1.7909090909090908,7.581358064516129,50.125902267646126,26.268912341815387,0.85,,,0,0.0
2009-01-01,102.9,291.6989684342092,22.31065064265543,1.3177723812306503,1.3454545454545455,7.7,52.475247524752476,1.5649166610288923,0.85,,,0,0.0
2009-02-01,101.5,296.0744529607223,20.881509641962246,1.297747945665403,1.290909090909091,7.7,52.475247524752476,0.0,0.85,,,0,0.0
2009-03-01,101.4,300.2194953021724,18.086561442148085,0.602496819671321,0.6181818181818182,7.7,52.475247524752476,0.0,0.85,,,0,0.0
2009-04-01,100.9,302.921470759892,15.56677060633116,0.5950713045782072,0.6090909090909091,7.7,52.475247524752476,0.0,0.85,,,0,0.0
2009-05-01,100.5,304.43607811369145,14.654101144484532,-0.013514288351427872,0.009090909090909078,7.65298064516129,53.50130051632438,-0.6106409719312977,0.85,,,0,0.0
2009-06-01,101.1,307.784874972942,14.995333588366911,-0.2494823274975877,-0.22727272727272735,7.615773333333333,56.963900251309084,-0.4861806602304952,0.85,,,0,0.0
2009-07-01,99.9,307.47709009796915,15.457626386712153,-0.6704260549421459,-0.6545454545454544,7.648132258064516,57.91895710069519,0.42489348507197544,0.85,,,0,0.0
2009-08-01,99.8,306.8621359177732,15.342053187125826,-0.237019372466734,-0.24545454545454543,7.8066129032258065,61.14136333430547,2.0721483339174895,0.85,,,0,0.0
2009-09-01,100.8,309.3170330051154,14.999791901704107,-0.4763766168328889,-0.4818181818181818,7.999016666666667,64.82633754127174,2.46462538652783,0.85,,,0,0.0
2009-10-01,100.9,312.1008863021614,14.095172103067299,-0.3441399301851198,-0.33636363636363636,8.000167741935483,58.63976926073495,0.014390209656811592,0.85,,,0,0.0
2009-11-01,101.1,315.5339960514852,13.645535956848299,0.305672758486786,0.29090909090909084,7.994373333333333,33.14775757380606,-0.07242858886291614,0.85,,,0,0.0
2009-12-01,100.9,318.37380201594857,12.309839158139035,0.7331651088634572,0.6909090909090909,7.9778,5.22916781017615,-0.20731247644175665,0.85,,,0,0.0
2010-01-01,101.8,324.1045304522356,11.109248068984968,0.7592592420829116,0.7090909090909091,7.996958064516129,3.8565982404692,0.24014220105954553,0.2,,,0,0.0
2010-02-01,101.9,330.2625165308282,11.547117026892328,0.6971952944840731,0.6636363636363636,8.000260714285714,3.899489795918365,0.0412988256652147,0.2,,,0,0.0
2010-03-01,100.9,333.2348791796056,10.997081933071362,1.3970175234026523,1.3636363636363635,7.967112903225806,3.4689987431922864,-0.41433413539532227,0.2,,,0,0.0
2010-04-01,99.7,332.23517454206683,9.676997707901048,1.506084168445575,1.481818181818182,7.925726666666666,2.9315151515151294,-0.5194634124286557,0.2,,,0,0.0
2010-05-01,99.4,330.24176349481445,8.476552956869288,1.6051611238749781,1.6,7.925722580645162,3.5638654810438597,-5.155390383482228e-05,0.2,,,0,0.0
2010-06-01,99.6,328.9207964408352,6.867108550981027,1.4881853254980935,1.4909090909090907,7.915733333333334,3.9386676424193245,-0.12603579307989277,0.2,,,0,0.0
2010-07-01,99.8,328.2629548479535,6.7601344683473785,1.7603708124338608,1.781818181818182,7.901554838709678,3.313522466585783,-0.17911789125020228,0.2,,,0,0.0
2010-08-01,101.2,332.202110306129,8.257771625218012,1.6720357173849574,1.7090909090909092,7.890296774193549,1.0719613231131575,-0.14247910374519668,0.2,,,0,0.0
2010-09-01,102.9,341.83597150500674,10.51314186741006,1.910964320818308,1.9454545454545453,7.910343333333333,-1.1085529262972016,0.25406597132504594,0.2,,,0,0.0
2010-10-01,100.5,343.5451513625317,10.075032286171549,2.108875968864145,2.118181818181818,7.910493548387097,-1.1209039165307688,0.0018989700880878146,0.2,,,0,0.0
2010-11-01,100.3,344.5757868166193,9.204013237418462,2.0120144883165234,2.0090909090909093,7.927793333333333,-0.8328357611520065,0.21869412875967775,0.2,,,0,0.0
2010-12-01,100.8,347.33239311115227,9.095783293674732,2.397204115742148,2.4,7.9557032258064515,-0.27697829218016334,0.35205121147354745,0.2,,,0,0.0
2011-01-01,101.0,350.8057170422638,8.238449043822671,2.622622044178229,2.618181818181818,7.949696774193548,-0.5909908485363657,-0.0754986887069875,0.2,,,0,0.0
2011-02-01,100.9,353.9629684956442,7.176246403549613,2.778866778124236,2.7636363636363632,7.940792857142857,-0.743323989887823,-0.11200322859602485,0.2,,,0,0.0
2011-03-01,101.4,358.9184500545832,7.707347723686131,2.940874760912732,2.909090909090909,7.943964516129032,-0.2905492538884613,0.03994133889693163,0.2,,,0,0.0
2011-04-01,101.3,363.58438990529277,9.435850796483503,3.021513840807864,2.9818181818181815,7.96495,0.49488627330911417,0.26416890242095814,0.2,,,0,0.0
2011-05-01,100.8,366.4930650245351,10.977200807701571,2.9071086408331155,2.854545454545455,7.974596774193548,0.6166528420732176,0.12111531388832031,0.2,,,0,0.0
2011-06-01,100.4,367.9590372846332,11.868583946719236,2.862861379017385,2.8090909090909095,7.973249999999999,0.7266119795175774,-0.016888304596252013,0.2,,,0,0.0
2011-07-01,98.7,363.175569799933,10.635563482376643,2.835396362021465,2.781818181818182,7.971203225806452,0.88145167018987,-0.02567051319785074,0.2,,,0,0.0
2011-08-01,99.6,361.72286752073325,8.886384613090037,2.7061562930423317,2.627272727272727,7.971122580645161,1.0243696626971666,-0.001011706250697575,0.2,,,0,0.0
2011-09-01,100.1,362.08459038825396,5.923489793686221,3.0851394297867056,3.027272727272727,7.97283,0.7899362143152011,0.02142006144763009,0.2,,,0,0.0
2011-10-01,100.0,362.08459038825396,5.396507257399241,3.1024614523185665,3.0454545454545454,7.974674193548387,0.8113355351181184,0.023130977938667918,0.2,,,0,0.0
2011-11-01,100.1,362.4466749786422,5.186344730465242,3.1088891810310613,3.0454545454545454,7.983919999999999,0.7079733830935631,0.11593961367213357,0.2,,,0,0.0
2011-12-01,100.2,363.17156832859945,4.560235535641044,2.7741663194333723,2.709090909090909,7.989751612903226,0.42797457535028727,0.07304197566142534,0.2,,,0,0.0
2012-01-01,100.2,363.89791146525664,3.732035650210208,2.712454955533551,2.645454545454545,7.989793548387096,0.5043811774520846,0.0005248659270318257,0.2,,,0,0.0
2012-02-01,100.2,364.62570728818713,3.0123882274634584,2.7127922400147644,2.645454545454545,7.988448275862068,0.6001342633732643,-0.016837387810852977,0.2,,,0,0.0
2012-03-01,100.3,365.71958441005165,1.8948968364357333,2.6650689093032183,2.6,7.9862419354838705,0.5321954707753429,-0.027619135807188666,0.2,,,0,0.0
2012-04-01,100.0,365.71958441005165,0.5872624249118719,2.560601930429465,2.4999999999999996,7.98672,0.2733224941776191,0.005986101097255059,0.2,,,0,0.0
2012-05-01,99.7,364.6224256568215,-0.510416034090122,2.4105999796153053,2.3363636363636364,7.990777419354838,0.20290236132880501,0.05080207337728737,0.2,,,0,0.0
2012-06-01,99.7,363.52855837985106,-1.2040685119400818,2.341994112644282,2.272727272727273,7.992499999999999,0.2414322892170695,0.02155710958720025,0.2,,,0,0.0
2012-07-01,99.8,362.8015012630914,-0.10299936668307641,2.375787356373019,2.309090909090909,7.992870967741935,0.27182523543416437,0.004641448131836867,0.2,,,0,0.0
2012-08-01,99.7,361.71309675930206,-0.002701173276142832,2.647879333804283,2.581818181818182,7.993,0.2744584483992396,0.001614341812672393,0.2,,,0,0.0
2012-09-01,100.1,362.07480985606134,-0.002701173276153934,2.652269796452187,2.5727272727272728,7.993,0.25298419758104096,0.0,0.2,,,0,0.0
2012-10-01,100.0,362.07480985606134,-0.002701173276153934,2.5921702398170443,2.5363636363636366,7.993,0.2298000646401066,0.0,0.2,,,0,0.0
2012-11-01,99.9,361.7127350462053,-0.20249597612673753,2.267434616259526,2.2181818181818183,7.993,0.11372859447491557,0.0,0.2,,,0,0.0
2012-12-01,100.2,362.4361605162977,-0.20249597612672643,2.329705839568258,2.2818181818181817,7.993,0.040656922194282075,0.0,0.2,,,0,0.0
2013-01-01,100.2,363.16103283733037,-0.20249597612670422,1.9012399449567252,1.8636363636363633,7.993,0.04013184562887684,0.0,0.2,,,0,0.0
2013-02-01,99.9,362.797871804493,-0.5012908983538678,1.7609543544530049,1.736363636363636,7.993,0.05697882718582736,0.0,0.2,,,0,0.0
2013-03-01,100.0,362.797871804493,-0.7988942157067469,1.675834021184544,1.6363636363636365,7.993,0.08462133467435073,0.0,0.2,,,0,0.0
2013-04-01,100.0,362.797871804493,-0.7988942157067469,1.2470729799413265,1.2181818181818183,7.993,0.07863052667427262,0.0,0.2,,,0,0.0
2013-05-01,100.1,363.1606696762975,-0.4008957973143934,1.4510233171494185,1.418181818181818,7.993,0.027814323044195177,0.0,0.2,,,0,0.0
2013-06-01,100.0,363.1606696762975,-0.10119939550089496,1.6096823420044175,1.5818181818181818,7.993,0.006255864873327965,0.0,0.2,,,0,0.0
2013-07-01,99.9,362.7975090066212,-0.0011003968992007174,1.5622971187089112,1.518181818181818,7.993,0.001614341812672393,0.0,0.2,,,0,0.0
2013-08-01,99.3,360.2579264435749,-0.40229959289959094,1.1863138908246111,1.136363636363636,7.993,0.0,0.0,0.2,,,0,0.0
2013-09-01,100.0,360.2579264435749,-0.501797795104475,0.978429992126596,0.9272727272727274,7.993,0.0,0.0,0.2,,,0,0.0
2013-10-01,100.4,361.6989581493492,-0.10380498628489443,0.5959743727831088,0.5272727272727273,7.993,0.0,0.0,0.2,,,0,0.0
2013-11-01,100.2,362.4223560656479,0.19618358732984564,0.656379558086065,0.5636363636363636,7.993,0.0,0.0,0.2,,,0,0.0
2013-12-01,100.5,364.2344678459761,0.4961721609445968,0.8018686140665647,0.7363636363636362,7.993,0.0,0.0,0.2,,,0,0.0
2014-01-01,100.2,364.962936781668,0.4961721609445746,0.7087639047267069,0.6454545454545454,7.993,0.0,0.0,0.2,,,0,0.0
2014-02-01,100.6,367.152714402358,1.200349543453716,0.6139657650885852,0.5454545454545454,8.654882142857144,8.280772461618202,8.280772461618202,1.0,,,0,0.0
2014-03-01,102.2,375.2300741192099,3.426757233409705,0.388568075127373,0.3272727272727272,9.920029032258064,24.108958241687283,14.617725215877652,1.0,,,0,0.0
2014-04-01,103.3,387.6126665651438,6.8398402221122145,0.5698729868246362,0.5090909090909091,11.637127166666666,45.591482130197235,17.30940634170446,1.0,,,0,0.0
2014-05-01,103.8,402.34194789461924,10.788965185367093,0.3751495655553623,0.30909090909090914,11.643625741935484,45.67278546147233,0.05584346699787357,1.0,,,0,0.0
2014-06-01,101.0,406.36536737356545,11.896854837220761,0.43733058924387436,0.3909090909090908,11.8095251,47.748343550606776,1.4248084036831976,1.0,,,0,0.0
2014-07-01,100.4,407.9908288430597,12.456899155725365,0.3279639816413553,0.30000000000000004,11.758699838709678,47.112471396342755,-0.43037514938109034,1.0,,,0,0.0
2014-08-01,100.8,411.2547554738042,14.155643855962929,0.42159460059961495,0.40909090909090917,12.974419322580646,62.32227352158945,10.338893759910572,1.0,,,0,0.0
2014-09-01,102.9,423.18114338254463,17.466157527785864,0.363482644750567,0.3272727272727272,13.0123784,62.79717753033902,0.2925686034618069,1.0,,,0,0.0
2014-10-01,102.4,433.3374908237257,19.806120825152117,0.3399966124332794,0.2909090909090909,12.949849741935484,62.014884798392146,-0.4805321221254655,1.0,,,0,0.0
2014-11-01,101.9,441.57090314937653,21.838759601626776,0.29019077268659244,0.2545454545454545,14.7313455,84.3030839484549,13.756883620784421,1.0,,,0,0.0
2014-12-01,103.0,454.81803024385783,24.869574517090133,-0.23362591235680208,-0.2818181818181818,15.62919841935484,95.53607430695408,6.094846661188136,1.0,,,0,0.0
2015-01-01,103.1,468.9173891814174,28.48356419872249,-0.6500864951207599,-0.6727272727272728,15.81896258064516,97.91020368629,1.214164387697081,1.0,,,0,0.0
2015-02-01,105.3,493.77001080803245,34.486275448563376,-0.39815841767658755,-0.4090909090909091,24.687130357142856,185.2393591230713,56.060362563522915,1.0,,,0,0.0
2015-03-01,110.8,547.0971719753,45.80312445891215,-0.12959859170836197,-0.1545454545454545,23.186529741935484,133.7344947936872,-6.07847325103622,1.0,,,0,0.0
2015-04-01,114.0,623.6907760518418,60.90567462067749,0.01781280384635897,-0.00909090909090911,22.7094725,95.14672457175608,-2.0574758156787554,1.0,,,0,0.0
2015-05-01,102.2,637.4119731249824,58.42543300802738,0.4010530867563782,0.3818181818181819,20.91525567741936,79.6283747088446,-7.900741959464885,1.0,,,0,0.0
2015-06-01,100.4,639.9616210174823,57.48429182184107,0.3880566638296006,0.38181818181818183,21.232832466666665,79.79412624023861,1.5183978343146443,1.0,,,0,0.0
2015-07-01,99.0,633.5620048073075,55.2882957207397,0.3865288519066936,0.38181818181818183,21.75737322580645,85.03213386042144,2.4704229167882286,1.0,,,0,0.0
2015-08-01,99.2,628.493508768849,52.82340213787078,0.30216395785119876,0.3181818181818182,21.626867290322583,66.68851801855394,-0.5998239499291902,1.0,,,0,0.0
2015-09-01,102.3,642.9488594705325,51.93230358313099,0.0839521171513371,0.09999999999999996,21.7834192,67.4053622664401,0.7238769608924001,1.0,,,0,0.0
2015-10-01,98.7,634.5905242974155,46.442562145068614,0.28250047502439535,0.2999999999999999,21.84130741935484,68.66070151089212,0.2657444124053887,1.0,,,0,0.0
2015-11-01,102.0,647.2823347833639,46.586274178577035,0.19343454581622588,0.22727272727272732,23.3126251,58.25183857102532,6.736399302458151,1.0,,,0,0.0
2015-12-01,100.7,651.8133111268475,43.3129884444923,0.34990997393499756,0.3909090909090909,23.408386193548388,49.7734276926191,0.4107692425782794,1.0,,,0,0.0
2016-01-01,100.9,657.6796309269893,40.254903337044404,0.4115655291713076,0.4272727272727273,24.259692548387097,53.35830288940282,3.6367579883543444,0.75,,,0,0.0
2016-02-01,99.6,655.0489124032812,32.66275757236108,0.04811292504210707,0.09090909090909091,26.393052206896552,6.910166653938843,8.793844580900467,0.75,,,0,0.0
2016-03-01,101.0,661.5994015273141,20.92904796758548,0.05022890980473749,0.07272727272727271,26.35616216129032,13.670145789959221,-0.13977180553824686,0.75,,,0,0.0
2016-04-01,103.5,684.7553805807701,9.790846181097358,-0.01546356867651344,0.0090909090909091,25.629497566666664,12.858180949234566,-2.7570956278714975,0.75,,,0,0.0
2016-05-01,100.1,685.4401359613507,7.5348698897049315,0.0631355288941502,0.08181818181818185,25.2077564516129,20.523300505610532,-1.6455301706822079,0.75,,,0,0.0
2016-06-01,99.8,684.069255689428,6.8922312250254025,0.23315383081678198,0.2545454545454545,24.951341333333332,17.5130137371184,-1.0172072186264036,0.75,,,0,0.0
2016-07-01,99.9,683.3851864337387,7.863978781616554,0.29311031375626606,0.3,24.816781,14.061475815310187,-0.539290980535656,0.75,,,0,0.0
2016-08-01,99.7,681.3350308744375,8.407648029507797,0.37863422152691295,0.3909090909090909,25.06480919354839,15.896624587714502,0.9994374111146342,0.75,,,0,0.0
2016-09-01,101.8,693.5990614301774,7.877796377359658,0.4467865452556974,0.43636363636363645,26.2754622,20.621386196341483,4.8300906546028255,0.75,,,0,0.0
2016-10-01,102.8,713.0198351502223,12.359042224848782,0.641201207470784,0.6454545454545454,25.757272387096776,17.929169223046483,-1.9721434734770282,0.75,,,0,0.0
2016-11-01,101.8,725.8541921829262,12.138730377349049,0.5992919907147938,0.5818181818181818,25.7009378,10.244718000462317,-0.2187133258915952,0.75,,,0,0.0
2016-12-01,100.9,732.3868799125728,12.361448809081654,1.0158083634263155,0.9909090909090911,26.20452493548387,11.945029951300668,1.9594115179869975,0.75,,,0,0.0
2017-01-01,101.1,740.4431355916109,12.584167240814171,1.638137030385291,1.6272727272727274,27.15061190322581,11.916553967337528,3.61039541862036,0.75,,,0,0.0
2017-02-01,101.0,747.8475669475271,14.166675615685076,1.85471600061164,1.8363636363636366,27.02777107142857,2.4048710227086323,-0.4524422220577695,0.75,,,0,0.0
2017-03-01,101.8,761.3088231525826,15.070966115611274,1.4827807143828249,1.4727272727272727,27.00156241935484,2.448764179378249,-0.09696934314141759,0.75,,,0,0.0
2017-04-01,100.9,768.1606025609559,12.180294503045207,1.8379836093394302,1.8272727272727267,26.8568271,4.788738172259688,-0.5360257199453544,0.75,,,0,0.0
2017-05-01,101.3,778.1466903942483,13.525113218366446,1.332379749856558,1.3272727272727272,26.423693,4.823660331379065,-1.6127523120555098,0.75,,,0,0.0
2017-06-01,101.6,790.5970374405563,15.57266035056144,1.112468543076829,1.090909090909091,26.108858166666668,4.6390966235829945,-1.1914868725326655,0.75,,,0,0.0
2017-07-01,100.2,792.1782315154373,15.919725396659201,1.1823019062208293,1.1818181818181819,25.96931522580645,4.6441729320432446,-0.5344658888161269,0.75,,,0,0.0
2017-08-01,99.9,791.386053283922,16.152262458638454,1.375133639449308,1.3636363636363638,25.63527141935484,2.2759488069563627,-1.2863019434554146,0.75,,,0,0.0
2017-09-01,102.0,807.2137743496006,16.38045943792854,1.4323983027515972,1.4181818181818182,26.108607100000004,-0.6350225116115937,1.8464235189949774,0.75,,,0,0.0
2017-10-01,101.2,816.9003396417958,14.569090419439368,1.3249786397872723,1.309090909090909,26.6549770967742,3.485247568865768,2.0926815233057505,0.75,,,0,0.0
2017-11-01,100.9,824.252442698572,13.556200622018032,1.4717729129158725,1.4636363636363634,26.70527463333333,3.907782825470796,0.1886984797492719,0.75,,,0,0.0
2017-12-01,101.0,832.4949671255578,13.668743932842586,1.285609511205383,1.2818181818181817,27.516507935483872,5.006704007151952,3.0377268659052215,0.75,,,0,0.0
2018-01-01,101.5,844.982391632441,14.118471900925055,1.1726610365901353,1.1363636363636362,28.434328612903226,4.728131779324274,3.3355274570861404,0.75,,,0,0.0
2018-02-01,100.9,852.5872331571331,14.00548331488456,1.0386808424897425,1.0272727272727271,27.171049392857142,0.5301151954037131,-4.44279602041604,0.75,,,0,0.0
2018-03-01,101.1,861.9656927218616,13.221555630008153,1.1890598065483853,1.1363636363636365,26.341204741935485,-2.4456276535538835,-3.0541501688919337,0.75,,,0,0.0
2018-04-01,100.8,868.8614182636364,13.109343979235067,1.0421507358066637,0.990909090909091,26.151748566666665,-2.6253232770498625,-0.719238839395997,0.75,,,0,0.0
2018-05-01,100.0,868.8614182636364,11.657792674467004,1.7021358705662353,1.6454545454545453,26.18122458064516,-0.9176174554966221,0.11271144605629058,0.75,,,0,0.0
2018-06-01,100.0,868.8614182636364,9.899402238648625,1.838828164913172,1.781818181818182,26.202170466666665,0.35739709260487196,0.08000346185865759,0.75,,,0,0.0
2018-07-01,99.3,862.779388335791,8.912281859259586,2.008559558036496,1.936363636363636,26.40068641935484,1.661080355017308,0.7576317120015608,0.75,,,0,0.0
2018-08-01,100.0,862.779388335791,9.021303162422,1.8678042513801707,1.8,27.482209032258066,7.2046735245751,4.096570050202719,0.75,,,0,0.0
2018-09-01,101.9,879.1721967141712,8.914419531870577,1.9226187633210892,1.863636363636364,28.191267433333334,7.976910929627223,2.5800633429539532,0.75,,,0,0.0
2018-10-01,101.7,894.1181240583122,9.452534252877886,2.0490312400432664,2.0,28.12738241935484,5.5239414284052435,-0.226612776916002,0.75,,,0,0.0
2018-11-01,101.4,906.6357777951285,9.994915492981304,1.7669587959231718,1.718181818181818,27.93349813333333,4.599179438757539,-0.6893079602320107,0.75,,,0,0.0
2018-12-01,100.8,913.8888640174896,9.777103779133833,1.4022852692718,1.3636363636363638,27.78913870967742,0.9907898736015719,-0.5167967970457821,0.75,,,0,0.0
2019-01-01,101.0,923.0277526576645,9.2363298688918,1.2530356072540112,1.2363636363636366,27.879175,-1.9524062637839235,0.32399813201560157,0.75,,,0,0.0
2019-02-01,100.5,927.6428914209527,8.803281980412514,1.394391848502992,1.3818181818181818,27.160679178571428,-0.03816641063719706,-2.5771774861651164,0.75,,,0,0.0
2019-03-01,100.9,935.9916774437414,8.588043044744055,1.4237122082929836,1.4454545454545455,26.86353458064516,1.9829383045572024,-1.0940249173176042,0.75,,,0,0.0
2019-04-01,101.0,945.3515942181788,8.803495511102689,1.643963214173768,1.654545454545454,26.8114953,2.5227633695372065,-0.19371717630431995,0.75,,,0,0.0
2019-05-01,100.7,951.9690553777062,9.565119979680436,1.182935070703595,1.1909090909090911,26.37884770967742,0.7548276759306249,-1.6136645326252363,0.75,,,0,0.0
2019-06-01,99.5,947.2092101008176,9.017294379782005,1.1878744729703008,1.1818181818181819,26.500110633333332,1.137082010231527,0.45969757659818367,0.75,,,0,0.0
2019-07-01,99.4,941.5259548402128,9.127080174726409,0.8790166642056179,0.881818181818182,25.751355387096773,-2.45952329399296,-2.8254796992988163,0.75,,,0,0.0
2019-08-01,99.7,938.7013769756921,8.799698934202226,0.9559809482711883,0.9545454545454546,25.246989612903228,-8.133332428740292,-1.9585989421211925,0.75,,,0,0.0
2019-09-01,100.7,945.272286614522,7.51844634616452,0.7547892222830204,0.7636363636363636,24.769724166666663,-12.136890527387356,-1.8903855610280185,0.75,,,0,0.0
2019-10-01,100.7,951.8891926208239,6.461234484353651,0.6555695106217623,0.6636363636363637,24.808206516129037,-11.80051472170348,0.1553604279298293,0.75,,,0,0.0
2019-11-01,100.1,952.8410818134446,5.096346862759371,0.8621954280427577,0.8727272727272727,24.367518633333336,-12.765961080057764,-1.7763794513286801,0.75,,,0,0.0
2019-12-01,99.8,950.9353996498178,4.053724374041523,1.2321347862531322,1.2363636363636363,23.609435129032256,-15.040781307804995,-3.1110410366694707,0.75,,,0,0.0
2020-01-01,100.2,952.8372704491173,3.229536458207538,1.3180349150143804,1.3,24.119351612903223,-13.486135752212093,2.159799593188616,0.75,,,0,0.0
2020-02-01,99.7,949.9787586377699,2.407808804808864,1.1100909692648606,1.0727272727272728,24.596524137931038,-9.440688223523496,1.9783804004604333,0.75,,,0,0.0
2020-03-01,100.8,957.5785887068722,2.306314445240165,0.6553646901411827,0.6454545454545454,26.412293548387098,-1.6797530157597995,7.382219537499224,0.75,,,0,0.0
2020-04-01,100.8,965.2392174165271,2.1037276839624752,0.1412087246258089,0.13636363636363633,27.22465333333333,1.5409734843596201,3.0756881580843887,0.75,,,0,0.0
2020-05-01,100.3,968.1349350687766,1.6981518043836408,-0.08857865115606645,-0.09090909090909091,26.814329032258065,1.6508731820794598,-1.5071791587254912,0.75,,,0,0.0
2020-06-01,100.2,970.0712049389141,2.4136161889370955,0.11459358019297605,0.1,26.70734333333333,0.7820069239232952,-0.3989870445612498,0.75,,,0,0.0
2020-07-01,99.4,964.2507777092808,2.4136161889370955,0.4126360468182657,0.3636363636363636,27.31283870967742,6.0636937322648965,2.2671494082616928,0.75,,,0,0.0
2020-08-01,99.8,962.3222761538623,2.516337970470639,-0.2665756476283101,-0.31818181818181823,27.52141935483871,9.008716590801246,0.7636725255049548,0.75,,,0,0.0
2020-09-01,100.5,967.1338875346315,2.312730546497499,-0.28135029645813026,-0.3,27.97671666666667,12.94722734262721,1.654338048331483,0.75,,,0,0.0
2020-10-01,101.0,976.8052264099778,2.6175351062189156,-0.263680175851559,-0.2818181818181818,28.324951612903224,14.175732915185858,1.2447312898995921,0.75,,,0,0.0
2020-11-01,101.3,989.5036943533073,3.8477153472525005,-0.2394866506652642,-0.2636363636363636,28.310153333333336,16.17987764501678,-0.05224467731533844,0.75,,,0,0.0
2020-12-01,100.9,998.4092276024872,4.99232944426633,-0.2367821581038756,-0.2545454545454545,28.16971935483871,19.315516025195876,-0.4960551673497182,0.75,,,0,0.0
2021-01-01,101.3,1011.3885475613195,6.144939847347075,0.5697201996286019,0.5000000000000001,28.219770967741937,17.000537247631044,0.17767877724572667,0.75,,,0,0.0
2021-02-01,101.0,1021.5024330369326,7.528976174343582,0.5901925404066781,0.5272727272727272,27.88466071428571,13.368297723351642,-1.187501676889191,0.75,,,0,0.0
2021-03-01,101.7,1038.8679743985606,8.48905631875736,1.0234855531764027,0.9363636363636363,27.79555806451613,5.237199539657178,-0.3195400176554175,0.75,,,0,0.0
2021-04-01,100.7,1046.1400502193505,8.381428286695126,1.395031455010348,1.3181818181818181,27.930006666666667,2.5908624976675787,0.48370535262673986,0.75,,,0,0.0
2021-05-01,101.3,1059.739870872202,9.462000851866549,1.7882846152885556,1.7090909090909094,27.60284838709677,2.940664127340664,-1.171350524453496,0.75,,,0,0.0
2021-06-01,100.2,1061.8593506139464,9.46200085186657,1.7145738392112597,1.6727272727272726,27.23987333333333,1.9939459846436636,-1.3149912960907284,0.75,,,0,0.0
2021-07-01,100.1,1062.9212099645601,10.232860012795154,1.8464507879301775,1.8090909090909089,27.214548387096777,-0.35986857179299836,-0.09297013215389116,0.75,,,0,0.0
2021-08-01,99.8,1060.795367544631,10.232860012795154,2.705586601697455,2.6818181818181817,26.78485483870968,-2.67633186585462,-1.578911184838272,0.75,,,0,0.0
2021-09-01,101.2,1073.5249119551665,11.000651077560896,3.015880383844585,2.9909090909090907,26.727786666666667,-4.464176461021463,-0.21306134525148623,0.75,,,0,0.0
2021-10-01,100.9,1083.1866361627633,10.890749442830682,3.8086658497993113,3.8000000000000003,26.37467741935484,-6.8853575469479456,-1.3211316436920084,0.75,,,0,0.0
2021-11-01,100.8,1091.8521292520654,10.343411094149403,4.652058345405676,4.672727272727272,26.44622333333333,-6.583962926846299,0.27126744657732793,0.75,,,0,0.0
2021-12-01,100.6,1098.4032420275778,10.015333558686091,4.753887375418622,4.8,27.213464516129036,-3.394619685997746,2.901137047529434,0.75,,,0,0.0
2022-01-01,101.3,1112.6824841739362,10.015333558686113,5.227906952618852,5.300000000000001,27.98127096774193,-0.8451521462475187,2.8214211797907174,0.75,,,0,0.0
2022-02-01,101.6,1130.4854039207191,10.668889995668396,6.011029138921039,6.054545454545456,28.413664285714283,1.8971131721805534,1.5452954887961834,0.75,,,0,0.0
2022-03-01,104.5,1181.3572470971512,13.715821086994517,7.488794950617303,7.554545454545454,29.2549,5.250270320518835,2.960673096671562,0.4,,,0,0.0
2022-04-01,103.1,1217.9793217571628,16.42602933534394,7.659079894751736,7.7272727272727275,29.2549,4.743619824890843,0.0,0.4,,,0,0.0
2022-05-01,102.7,1250.8647634446063,18.03507613760933,8.328835626078897,8.372727272727273,29.2549,5.985076575196846,0.0,0.4,,,0,0.0
2022-06-01,103.1,1289.641571111389,21.451260975923358,9.111443338260345,9.145454545454546,29.2549,7.39734227839044,0.0,0.4,,,0,0.0
2022-07-01,100.7,1298.6690621091689,22.179240562192646,9.42877076281502,9.463636363636363,31.850083870967744,17.03329931452697,8.870937418920398,0.4,,,0,0.0
2022-08-01,101.1,1312.9544217923697,23.77075371580839,9.56863097239692,9.627272727272727,36.5686,36.52715394653092,14.814768300605085,0.4,,,0,0.0
2022-09-01,101.9,1337.9005558064248,24.62687553004819,10.313804256504767,10.41818181818182,36.5686,36.81866162754967,0.0,0.4,,,0,0.0
2022-10-01,102.5,1371.3480697015852,26.60311934420152,10.723294516668737,10.727272727272727,36.5686,38.650416149410184,0.0,0.4,,,0,0.0
2022-11-01,100.7,1380.9475061894966,26.47752101151881,9.919405973825167,9.799999999999999,36.5686,38.27532021900548,0.0,0.4,,,0,0.0
2022-12-01,100.7,1390.6141387328234,26.603244193438847,9.226585660418097,9.109090909090908,36.5686,34.37686325578395,0.0,0.4,,,0,0.0
2023-01-01,100.8,1401.739051842686,25.978351576491953,8.494646513915914,8.318181818181818,36.5686,30.689560321108832,0.0,0.4,,,0,0.0
2023-02-01,100.7,1411.5512252055848,24.862401611739582,8.278269882733671,8.081818181818182,36.5686,28.700753385003665,0.0,0.4,,,0,0.0
2023-03-01,101.5,1432.7244935836684,21.277835058292528,6.714241094218989,6.490909090909091,36.5686,24.999914544230208,0.0,0.4,,,0,0.0
2023-04-01,100.2,1435.5899425708358,17.866528349572384,6.551887038043194,6.309090909090909,36.5686,24.999914544230208,0.0,0.4,,,0,0.0
2023-05-01,100.5,1442.76789228369,15.341636797780179,5.743793694272922,5.572727272727271,36.5686,24.999914544230208,0.0,0.4,,,0,0.0
2023-06-01,100.8,1454.3100354219594,12.768544997247734,4.951120384244813,4.781818181818182,36.5686,24.999914544230208,0.0,0.4,,,0,0.0
2023-07-01,99.4,1445.5841752094277,11.312744515654671,4.758137855441687,4.6,36.5686,14.814768300605085,0.0,0.4,,,0,0.0
2023-08-01,98.6,1425.3459967564957,8.560203850084559,4.7360435765274005,4.554545454545454,36.5686,0.0,0.0,0.4,,,0,0.0
2023-09-01,100.5,1432.472726740278,7.068699577365023,3.897382838315177,3.6636363636363636,36.5686,0.0,0.0,0.4,,,0,0.0
2023-10-01,100.8,1443.9325085542002,5.292926023398992,2.700574644750864,2.545454545454546,36.51895161290323,-0.13576780925923515,-0.13576780925923515,0.4,,,0,0.0
2023-11-01,100.5,1451.152171096971,5.08380402533859,2.2532773276276963,2.1727272727272724,36.15542000000001,-1.1298764513817727,-0.9954601565691612,0.65,,,0,0.0
2023-12-01,100.7,1461.31023629465,5.0838040253385675,2.7247375744984694,2.6363636363636362,37.093925806451615,1.4365488600920129,2.595754126080152,0.65,,,0,0.0
2024-01-01,100.4,1467.1554772398285,4.6668048030158005,2.691109729712313,2.6636363636363636,37.86847419354839,3.554618425502709,2.088073371198851,0.65,,,0,0.0
2024-02-01,100.3,1471.5569436715477,4.251047882249082,2.6235366242412277,2.6090909090909093,37.97289310344827,3.840160967191153,0.2757410012513173,0.65,,,0,0.0
2024-03-01,100.5,1478.9147283899053,3.223943962226916,2.558885523031484,2.590909090909091,38.66386774193548,5.72969088763442,1.8196523414868881,0.65,,,0,0.0
2024-04-01,100.2,1481.8725578466851,3.223943962226916,2.488608550495913,2.5181818181818185,39.36055,7.6348287875390275,1.8018948924473088,0.65,,,0,0.0
2024-05-01,100.6,1490.7637931937654,3.3266543542291416,2.672270458235004,2.6818181818181817,39.71005161290323,8.590571181022044,0.8879490070723639,0.65,,,0,0.0
2024-06-01,102.2,1523.5605966440282,4.761746775815667,2.6120259239830714,2.6363636363636362,40.47751333333333,10.689261643413527,1.9326636185502233,0.65,,,0,0.0
2024-07-01,100.0,1523.5605966440282,5.394111444482563,2.638088572650735,2.6636363636363636,40.99017741935484,12.091185933710458,1.266540466060051,0.65,,,0,0.0
2024-08-01,100.6,1532.7019602238925,7.531923035648536,2.2370437571018287,2.272727272727273,41.18937419354839,12.635906743896097,0.4859622151805798,0.65,,,0,0.0
2024-09-01,101.5,1555.6924896272506,8.60189241908782,1.9177662568257694,1.9727272727272727,41.24735999999999,12.794473947594366,0.1407785565741504,0.65,,,0,0.0
2024-10-01,101.8,1583.694954440541,9.679292145467656,2.1217411484225286,2.1545454545454548,41.24245806451613,12.934397738690674,-0.011884240552284542,0.65,,,0,0.0
2024-11-01,101.9,1613.7851585749115,11.207162881822462,2.3640503655412193,2.4,41.35026333333334,14.368090132360045,0.26139389812451785,0.65,,,0,0.0
2024-12-01,101.4,1636.3781507949604,11.980201749918539,2.4941839758502686,2.5272727272727273,41.75200967741936,12.557538113578648,0.9715690099660446,0.65,,,0,0.0
2025-01-01,101.2,1656.0146886045,12.872474273822277,2.6266169445398146,2.6545454545454543,42.10896451612903,11.197943442102275,0.8549404962001628,0.65,,,0,0.0
2025-02-01,100.8,1669.2628061133362,13.435148622146453,2.455944093499056,2.5272727272727273,41.67110714285714,9.739089485054375,-1.0398198538085102,0.65,,,0,0.0
2025-03-01,101.5,1694.3017482050361,14.56385656863548,2.3092659911523494,2.381818181818182,41.48065161290323,7.285313227762291,-0.45704456399727755,0.65,,,0,0.0
2025-04-01,100.7,1706.1618604424716,15.1355324996167,2.328743629784697,2.4000000000000004,41.41348333333334,5.215713025690283,-0.16192677057416116,0.65,,,0,0.0
2025-05-01,101.3,1728.3419646282236,15.936674375856574,2.064997954298298,2.1363636363636362,41.52995483870968,4.582978746910249,0.28124054293832135,0.65,,,0,0.0
2025-06-01,100.8,1742.1687003452494,14.3485007542695,2.213577540285353,2.281818181818182,41.57927666666667,2.7219145708391235,0.11876205536112128,0.65,,,0,0.0
2025-07-01,99.8,1738.6843629445589,14.11980375276094,2.263702248906688,2.3272727272727276,41.7941064516129,1.9612723898053908,0.5166751376376233,0.65,,,0,0.0
2025-08-01,99.8,1735.20699421867,13.2122904028384,2.3146234798258982,2.3636363636363638,41.441896774193545,0.6130770024777688,-0.8427257030297453,0.65,,,0,0.0
2025-09-01,100.3,1740.4126152013255,11.873819974430466,2.3779994325121905,2.4090909090909087,41.31833666666667,0.17207565930685842,-0.29815263572544604,0.65,,,0,0.0
2025-10-01,100.9,1756.0763287381378,10.884758697642782,2.2069536234911427,2.2636363636363637,41.62712258064517,0.9326905673936903,0.7473338447034239,0.65,,,0,0.0
2025-11-01,100.4,1763.1006340530903,9.252500228099446,2.3237797633513573,2.4000000000000004,42.10400666666667,1.822825957013241,1.1456090559649468,0.65,,,0,0.0
2025-12-01,100.2,1766.6268353211965,7.9595712313172085,2.2073077316311323,2.2818181818181813,42.19992903225806,1.072809089429172,0.22782241688017457,0.65,,,0,0.0
